id,pred
7000,56.189911315174136
7001,44.95160050753603
7002,65.34762304098568
7003,39.56122012634955
7004,57.93823595539843
7005,49.00520282668348
7006,51.35430794579523
7007,58.327312803857836
7008,70.51305522949566
7009,69.48653864341637
7010,59.996463669419946
7011,46.84861329863858
7012,72.4529594103568
7013,50.59263566756371
7014,59.154503735008475
7015,60.496096569796315
7016,51.98148430904405
7017,62.29583544996821
7018,73.47257946199633
7019,40.855980596566084
7020,55.28771021857479
7021,65.05595386121445
7022,55.523837658916854
7023,60.68971954165553
7024,40.80300144734179
7025,45.05362203485815
7026,66.43182014229913
7027,63.700721653450906
7028,60.4305512592144
7029,56.287649622066645
7030,58.69710909304439
7031,76.14445956229697
7032,57.47462780888959
7033,55.62662817117692
7034,47.56160844632038
7035,50.02664969102723
7036,45.970336756169985
7037,59.429917679775116
7038,63.03386577226935
7039,59.04478850806718
7040,58.581680709274686
7041,66.17957611667973
7042,65.309831083516
7043,60.71758608422368
7044,69.93815514096927
7045,59.31082997768028
7046,68.28031081888919
7047,49.29103228951136
7048,48.953170407897986
7049,51.312044542380576
7050,63.111857104644095
7051,67.95603131912783
7052,60.444720854653696
7053,44.212455948944836
7054,52.30739019570561
7055,43.56362298589415
7056,56.59382233775935
7057,42.83445439564186
7058,61.34766357875174
7059,53.940907147955116
7060,71.8884102370958
7061,73.21719538477342
7062,50.57595613600872
7063,57.34238077597129
7064,52.411448872947545
7065,67.2844078426151
7066,68.50241823637498
7067,58.74935026133233
7068,57.09957054423647
7069,47.478759106547585
7070,60.38919995827756
7071,44.45877924790552
7072,63.71048507199648
7073,58.86667436459823
7074,52.697171368321825
7075,72.71082417899598
7076,49.61364692870489
7077,59.162960460601305
7078,64.40931161534077
7079,48.89127170400209
7080,55.07531223132638
7081,47.1012839462763
7082,52.21827291060434
7083,49.963309219579735
7084,69.22582510830621
7085,56.629897006610705
7086,45.144411945107166
7087,52.714758034969904
7088,64.83041135491406
7089,75.87428563436707
7090,48.37781461632492
7091,48.90127796302191
7092,44.03581485699016
7093,67.71130812114298
7094,64.26023564939726
7095,45.122514054335134
7096,65.90025107432237
7097,63.07871709545837
7098,59.05862148017343
7099,50.84739637678702
7100,64.180894906083
7101,54.735116298216745
7102,60.31270395490536
7103,53.88836268342391
7104,62.45537580633527
7105,34.80156160672352
7106,61.278037931537625
7107,56.2403569887219
7108,53.66669680016559
7109,56.05004968635002
7110,63.35089293785402
7111,52.11460810013113
7112,66.37136837004186
7113,53.479973825175016
7114,64.15974690955457
7115,62.43895194644023
7116,56.56783700612562
7117,49.087889674228336
7118,61.5422369730184
7119,59.32742205322388
7120,55.11301790827536
7121,74.59928898295884
7122,54.035492690563984
7123,56.00778888263772
7124,63.418495779510735
7125,69.53215224084843
7126,49.27321827019342
7127,45.05543198676594
7128,58.344491471893775
7129,55.20294786576641
7130,61.37747335218287
7131,48.44754065992197
7132,51.864099617490076
7133,69.4095982202519
7134,63.13173290221286
7135,62.93934703360305
7136,36.09050612827531
7137,51.92318176456606
7138,39.11120073722334
7139,78.21878289024261
7140,50.57560941696567
7141,65.17841102386609
7142,68.36348375776909
7143,64.60945877548556
7144,59.008530664516954
7145,49.41671845245725
7146,55.840785006724005
7147,57.820391284756326
7148,66.82362403789665
7149,56.97104886158992
7150,61.85587280532562
7151,49.21056171073743
7152,66.26560815863647
7153,59.751893292084645
7154,84.60627846053096
7155,55.871814412293084
7156,66.48108107378621
7157,42.71235835637336
7158,70.71875947010264
7159,54.600748479650235
7160,59.11574842516471
7161,57.51659176602057
7162,61.430724620790336
7163,43.55621903056045
7164,47.274644236155936
7165,64.6703258761977
7166,48.531841372520816
7167,43.8539345986009
7168,56.92605653340786
7169,51.481451504193146
7170,72.63224485737001
7171,70.16908707106842
7172,54.58955661476442
7173,49.79217887745745
7174,58.788939748866895
7175,56.62574486767185
7176,73.70606489279879
7177,79.65011616859124
7178,59.145141384384274
7179,57.26884852211946
7180,68.44303586912903
7181,49.556054432215205
7182,53.774781329827704
7183,68.00390775921252
7184,48.002930184154074
7185,43.93773356013407
7186,62.70768271078109
7187,67.9933401732333
7188,57.21640029952475
7189,50.432693511486725
7190,57.10339635975606
7191,55.466502911509906
7192,36.56922092950214
7193,44.14056540904572
7194,59.80048185692136
7195,71.10649188303844
7196,57.156002330003126
7197,62.97672000865954
7198,65.01293793125271
7199,61.52409257107688
7200,48.606670710673484
7201,54.87430694657592
7202,68.11638610140376
7203,60.711185394336596
7204,65.66857460443794
7205,45.79438118663976
7206,51.439717817307404
7207,71.31125503393582
7208,49.29767167306648
7209,64.34533739080538
7210,48.52796471487541
7211,51.708839190131215
7212,58.75215584991613
7213,33.10647396134245
7214,47.65618463641469
7215,57.052959134912854
7216,59.467647412812376
7217,53.17743666359176
7218,39.18044251339174
7219,61.11258916543267
7220,57.055114723977574
7221,44.98718627680897
7222,44.50292937646075
7223,57.04539384675747
7224,55.745812569923096
7225,60.06515846362106
7226,52.4582735768347
7227,47.963229516907866
7228,39.218248879761504
7229,66.83087362992542
7230,45.97585435039967
7231,61.29610990746682
7232,70.06869509405803
7233,68.8802394355035
7234,59.317030061280654
7235,72.30275282592939
7236,72.0829269197117
7237,62.03877673168216
7238,56.83947670821326
7239,59.583877122892005
7240,56.794537848161696
7241,51.276320822558766
7242,65.2217841570247
7243,57.246760201413416
7244,66.32361405643287
7245,51.26094005313825
7246,65.15506897547483
7247,57.116801651412196
7248,50.466820079340174
7249,53.41468746181266
7250,64.63216223638678
7251,52.04365597301688
7252,63.109842280225884
7253,58.05296862505028
7254,55.59574214774004
7255,75.47792439968218
7256,58.816033246919275
7257,60.94108612156858
7258,66.93344221970605
7259,58.90000131743909
7260,65.9016303351554
7261,43.383288847924845
7262,46.32480709878158
7263,48.01473774677153
7264,64.22891722622809
7265,64.45213448275199
7266,50.420252650364866
7267,61.697539650979095
7268,54.108798094862095
7269,48.80350834624094
7270,66.63659759699462
7271,54.92811377331383
7272,52.49496163295507
7273,63.17561640814526
7274,52.62744356655883
7275,39.096238974959846
7276,53.9558625352305
7277,61.35066077469749
7278,69.66318316195567
7279,57.24137444895773
7280,60.92995865634204
7281,34.764011849661394
7282,57.29211982826095
7283,74.70729751408501
7284,59.52650348914938
7285,43.0672842201932
7286,47.93166056392281
7287,66.06103915942568
7288,75.61643223579563
7289,66.0427275032016
7290,74.22070089464523
7291,53.627503631497525
7292,56.301782638335055
7293,44.944539383301596
7294,53.15246101798609
7295,58.23030079223116
7296,51.57520109566009
7297,68.47037309859833
7298,70.84937581838801
7299,68.85725224971799
7300,48.411530181120625
7301,69.49006086854094
7302,47.29247687341625
7303,55.57326758988198
7304,50.97580507590286
7305,67.93631397176642
7306,65.53786620219438
7307,69.53960574399977
7308,55.17354272002666
7309,55.645517964141845
7310,60.08925954489154
7311,64.83199363441703
7312,57.44405815083609
7313,57.41604349174611
7314,48.46126471825413
7315,48.013194751885365
7316,78.96601086660203
7317,54.16536329277936
7318,67.21848128199294
7319,60.0648830248723
7320,70.45085358275261
7321,60.706309727046104
7322,59.91396160492649
7323,55.522947323323876
7324,40.18376261589117
7325,70.32199942820122
7326,50.925556343638256
7327,39.31482141590736
7328,33.46722504642374
7329,60.00250833577902
7330,66.60951565548035
7331,62.01048758475803
7332,70.04109495770015
7333,68.14682476178454
7334,55.593733616391894
7335,65.8687604732146
7336,54.447928743043
7337,58.467446120785944
7338,66.40125070964739
7339,58.53578739105638
7340,57.805548906767164
7341,64.31178266222007
7342,55.70757889288337
7343,64.73289634941041
7344,46.018604966920485
7345,64.10101294111897
7346,44.72315941973599
7347,65.30060272179135
7348,68.71062823114492
7349,52.53791381508094
7350,51.59043361491624
7351,53.1846585992142
7352,56.07768478556321
7353,66.2947079038185
7354,69.43675404706981
7355,56.088121417428525
7356,45.5336435833392
7357,56.827724616989315
7358,69.78267376192125
7359,59.82773310536621
7360,56.06362574752342
7361,56.65248042937993
7362,56.150123100696476
7363,62.44227650145574
7364,53.33748722004203
7365,58.01088311972242
7366,69.5941088465712
7367,62.3141031257628
7368,69.89716882258452
7369,67.5363637376901
7370,55.44816516893632
7371,52.590497141603244
7372,47.93932927355342
7373,62.05997947343076
7374,48.01539292253285
7375,71.60940206833374
7376,64.07281044203654
7377,51.987651667574106
7378,54.077466806813874
7379,48.54022926222708
7380,44.978484874571805
7381,45.66930872408641
7382,69.96315402819731
7383,55.77191500910772
7384,52.660950415802745
7385,65.27686484591901
7386,73.00953950313219
7387,51.08950618189328
7388,60.63005459328532
7389,40.64250896043538
7390,50.651927802721296
7391,58.64775574078928
7392,54.041535270167486
7393,51.550932001390215
7394,50.316850320179476
7395,66.12674120784631
7396,45.82216961016089
7397,66.33294532005175
7398,66.01390795170302
7399,57.93048085331785
7400,58.124256438496
7401,63.207110877692315
7402,68.96930832996718
7403,65.28933536894735
7404,65.98224287487544
7405,40.394435348230246
7406,62.677883822535236
7407,57.39717781620544
7408,61.16629378763328
7409,67.12364271725893
7410,54.3001627429407
7411,54.42515218983215
7412,54.43440110346428
7413,77.2430756530412
7414,64.57029777696334
7415,54.244222966844674
7416,53.9772932533082
7417,57.20334689860471
7418,59.652927716623864
7419,56.432473776597426
7420,69.51587387523367
7421,44.988723233815406
7422,46.38996348813514
7423,52.87081264248643
7424,63.133382519653125
7425,54.8081696542845
7426,61.17664374353296
7427,67.64918621868439
7428,52.24952638494652
7429,74.57940209091399
7430,49.7663158111077
7431,44.9647040379194
7432,63.99360814175995
7433,65.38479307324081
7434,66.28772195129025
7435,58.503840320434236
7436,47.08221704448134
7437,65.86607560608462
7438,55.19414824521983
7439,54.09488494652634
7440,66.57518967033785
7441,59.36304938620958
7442,67.39883663773655
7443,61.343543025193235
7444,51.15171141789991
7445,51.64226772180338
7446,69.3082466207151
7447,49.45986291022436
7448,56.25632578782035
7449,64.49410508610663
7450,63.276647541486184
7451,54.78500072573651
7452,62.19617803595304
7453,77.18276233823552
7454,63.42306156495333
7455,56.44839476733945
7456,58.82021132855802
7457,56.5348359758444
7458,57.39778132989173
7459,52.00857499190838
7460,59.130942440813506
7461,57.560753837735994
7462,54.91226318274212
7463,54.696822651091225
7464,49.59495795233359
7465,68.70023132221124
7466,46.66673804676607
7467,48.50287206347656
7468,60.84310126843102
7469,59.344299035129204
7470,53.6343830255357
7471,55.920855161688664
7472,48.119826871626884
7473,52.613830270139054
7474,62.009292866622616
7475,43.00311340604238
7476,53.03663764840749
7477,44.44749886633814
7478,59.69794095067531
7479,52.16859596895748
7480,48.10903295905895
7481,49.88544092766026
7482,53.89603272170869
7483,52.769077064252336
7484,51.68971665377565
7485,54.261422999842125
7486,55.87748171114062
7487,59.25931777573484
7488,59.21714837955341
7489,53.58090226286315
7490,65.10229461992478
7491,46.67741350857551
7492,68.77939798443272
7493,54.181381066010346
7494,49.63111437657733
7495,60.8391872491994
7496,53.755603792617485
7497,61.80780204994635
7498,56.443063582439876
7499,52.27222412426412
7500,73.65645508847898
7501,58.83633283435852
7502,55.552019967345856
7503,60.136479573377144
7504,51.83682345187693
7505,50.5041681732583
7506,41.991213187115115
7507,68.62756195715652
7508,69.97258099829492
7509,47.40848738725215
7510,60.83512648219595
7511,55.32619245314899
7512,70.78404375632275
7513,60.530778063499014
7514,60.29955553381113
7515,44.301521804596405
7516,62.18788596246469
7517,67.77854235086753
7518,49.75459652738566
7519,69.27790508250506
7520,50.82997606321409
7521,76.97515140840892
7522,57.97354632416613
7523,65.68888100645073
7524,77.15867550488758
7525,59.17529440578746
7526,68.7519684385089
7527,55.739828079801406
7528,61.42668958537741
7529,60.82089854920871
7530,62.77848512900104
7531,62.75502917108166
7532,55.932785203329246
7533,72.74970347285704
7534,54.062490501472205
7535,51.362406701978365
7536,40.80457616868334
7537,66.60484790778726
7538,62.106276661928106
7539,73.14599455854352
7540,56.45093138855578
7541,60.69824931964408
7542,50.92379258212429
7543,48.424974666131895
7544,49.46901132226454
7545,69.4204994057616
7546,63.89761452288168
7547,57.88121532128074
7548,61.78916127756787
7549,67.02212444210458
7550,47.334533228712196
7551,54.64581933650532
7552,52.75461306104457
7553,54.460317262056854
7554,61.38742616054654
7555,43.78117815342053
7556,69.1799030085879
7557,58.07320091941192
7558,51.675085810861205
7559,56.803592993080414
7560,56.490886965258504
7561,57.799250752466016
7562,55.19513908913009
7563,67.17469485747782
7564,52.71741535959059
7565,48.33023275966538
7566,64.67482757448295
7567,52.95709552422696
7568,54.43576486816677
7569,70.92523707370181
7570,71.59300427314679
7571,70.62652526932479
7572,60.51343361596929
7573,51.24580613619311
7574,59.058586318767304
7575,71.07820752917195
7576,50.97322063227218
7577,53.20405607694859
7578,45.62975830130334
7579,68.40126482656576
7580,46.73778009279685
7581,62.274648636378686
7582,58.28715014819276
7583,58.49068679795587
7584,53.08272880238882
7585,45.057920108039646
7586,61.4086349683005
7587,56.36939823179914
7588,64.92364314571194
7589,50.36950067646066
7590,59.85490544232535
7591,52.87103066841643
7592,48.319872414787135
7593,57.439695876169594
7594,67.89711490299614
7595,63.44132713922578
7596,68.72343323860244
7597,55.626352740948526
7598,59.99364366872486
7599,69.58444371043217
7600,54.90914398489559
7601,54.94352653536442
7602,61.292733886958125
7603,58.51761078689568
7604,67.94609434340802
7605,52.20620917787929
7606,76.19029643189432
7607,55.795946764169145
7608,31.57453684771159
7609,71.14376997438985
7610,54.73390114733364
7611,55.56729998344019
7612,65.85632810234975
7613,65.97480454747532
7614,61.12680046352565
7615,47.50875163869752
7616,60.95607087973997
7617,52.55000773074718
7618,67.38201461630176
7619,71.56584807081788
7620,65.01192624419473
7621,55.0238264766476
7622,45.69087147817511
7623,63.570834906242965
7624,51.393256219877685
7625,54.17942964172984
7626,56.58877969299291
7627,65.90501697276501
7628,65.51191870646247
7629,68.88143694636324
7630,56.58009369626031
7631,55.950386370537345
7632,60.31056480005415
7633,55.99584315131523
7634,39.79920468103974
7635,63.476561462919996
7636,63.72096496035218
7637,61.652831390495066
7638,57.124333069879604
7639,61.02106581494007
7640,51.86474865136981
7641,63.67867933839055
7642,57.62289717270893
7643,45.20000614837996
7644,60.37103016951094
7645,57.71797645766033
7646,67.40194797179777
7647,41.21116416905723
7648,67.23816728891882
7649,65.80881386333283
7650,62.9714637852085
7651,56.088999037906255
7652,56.79447337871704
7653,48.71783750784047
7654,60.45263929434098
7655,76.73185080759603
7656,56.35725841036127
7657,61.21285020113268
7658,52.659641407163754
7659,62.21213413660259
7660,68.05006686270586
7661,61.59663258240353
7662,68.5025884763969
7663,57.452365231831514
7664,60.899946289017656
7665,49.0782173867641
7666,68.15287139769406
7667,55.4476225069201
7668,72.49534418216575
7669,76.52724310865845
7670,48.56239143544791
7671,50.46513688095592
7672,64.00632535971755
7673,51.62226095396185
7674,52.702261158718095
7675,64.87095987967336
7676,50.71128386544838
7677,61.328478902229016
7678,69.35649477073794
7679,62.2273612377571
7680,58.40749979806872
7681,51.434224494186786
7682,64.43008907252586
7683,60.62726420955621
7684,68.30813047849226
7685,49.65611146855375
7686,55.85044211207584
7687,54.998964902169035
7688,54.04509612148687
7689,57.33243389388994
7690,53.62613052533496
7691,57.819875259562046
7692,48.99637522864578
7693,53.27210343091469
7694,70.61548300401017
7695,46.673255101738775
7696,55.73682264511004
7697,46.58553463960063
7698,51.507998413977816
7699,58.38393328721136
7700,60.898623527815005
7701,64.95311999750344
7702,47.54194118259714
7703,64.15066428626987
7704,55.41971487664196
7705,66.94671468106677
7706,56.317352110529185
7707,45.07659204571243
7708,62.87723285538555
7709,73.48443911329939
7710,49.209958144380145
7711,48.651675419277986
7712,67.92429129564174
7713,58.97226131192542
7714,45.291064529082725
7715,49.3989140593495
7716,35.58612776538537
7717,67.61410870085739
7718,51.81528886416983
7719,58.97272288062118
7720,52.81216813634971
7721,69.14874860166503
7722,55.373703247724265
7723,53.94845195847375
7724,64.07862048236369
7725,55.97147354115574
7726,55.574276129802335
7727,58.58237688595514
7728,49.39566564274407
7729,63.59439384250523
7730,47.85994661134753
7731,52.431918017944554
7732,60.6115117018423
7733,65.11933534549884
7734,36.896922389995424
7735,60.119784339933396
7736,51.127844920373434
7737,62.09674584256149
7738,51.82541639496504
7739,53.95928466500457
7740,59.15082766518904
7741,54.01246494550642
7742,57.23238475756298
7743,59.89753212330836
7744,56.828603007208415
7745,66.21252045693467
7746,42.07412173072669
7747,57.64280429000489
7748,49.19930690473715
7749,65.94335472932278
7750,54.3311617425333
7751,65.63292080088351
7752,69.9198994449632
7753,42.34568228392082
7754,62.233339417153125
7755,59.44277862339808
7756,49.9938928592731
7757,64.99027879121508
7758,58.90556975954252
7759,58.23421717543238
7760,46.03912434564503
7761,45.513191319718175
7762,35.10017547881362
7763,66.35296323010554
7764,62.4339458594645
7765,71.63282219906506
7766,53.595807063957835
7767,63.10788132817771
7768,49.78919984629785
7769,60.635739123858336
7770,63.54331862308241
7771,52.50145902134036
7772,62.70973691660619
7773,78.33038761827258
7774,61.840459590727576
7775,56.30168030237931
7776,56.554129190506025
7777,55.89930402943296
7778,69.19577311596652
7779,62.472451188662134
7780,60.70213729675361
7781,53.818048818860724
7782,44.46022706772749
7783,52.909559831184175
7784,50.41760349818645
7785,51.575561460219475
7786,69.99015642291934
7787,63.57403408541245
7788,65.5727754945636
7789,60.13595900317863
7790,78.38515653577346
7791,61.71363484935744
7792,57.09197388264818
7793,62.31441422187464
7794,50.95359837034033
7795,50.68097615209518
7796,54.636728158885674
7797,61.71865680910593
7798,58.126438503290196
7799,41.23249814446237
7800,84.70734933408599
7801,58.58978593434009
7802,42.40948701648983
7803,59.80204077114787
7804,47.24756832101613
7805,57.80783900836264
7806,63.54392488026827
7807,75.26828960022249
7808,58.817268428677046
7809,59.072175717361354
7810,55.62561620526373
7811,55.29935878746081
7812,62.47763605869632
7813,58.27135651845584
7814,59.31070856963521
7815,71.37980533513135
7816,56.8431885333014
7817,57.235091871181794
7818,56.986643618504274
7819,54.608928965462525
7820,60.4909656144294
7821,61.41162039617173
7822,65.69760807990127
7823,49.59406370168898
7824,65.58248407569212
7825,65.58565340213372
7826,54.21486565034696
7827,47.15649922642737
7828,64.64639118788124
7829,62.126293772779704
7830,63.61240517658507
7831,57.61087156381455
7832,63.22877621574262
7833,54.25891447481691
7834,54.030780645575746
7835,59.68514366397298
7836,47.951585549394636
7837,55.831505495723306
7838,60.04742463985333
7839,66.05916934187366
7840,52.00550464242338
7841,61.45055148042768
7842,58.2503955747023
7843,45.02627464416229
7844,54.55170877138832
7845,46.63122867124908
7846,74.0672393112373
7847,59.55398155567532
7848,65.9083414752019
7849,62.31940462037386
7850,75.73295398866922
7851,60.96523196918528
7852,55.01042219300772
7853,65.38074639708522
7854,78.44531616971769
7855,38.78268804183294
7856,54.23419836913471
7857,64.03756582476714
7858,63.687200349143836
7859,50.48314109144866
7860,54.87752060599462
7861,60.017116368062034
7862,62.092625434797384
7863,44.99314233574561
7864,61.75166524870156
7865,61.414493285747845
7866,60.16981438917055
7867,54.860733271264536
7868,37.28228897085863
7869,36.80144472539749
7870,56.80923407741323
7871,56.73561224867213
7872,57.73888245152244
7873,52.9487976052236
7874,66.6576139909447
7875,66.56667330407714
7876,72.98774163369163
7877,71.01627608952447
7878,73.90293368584254
7879,71.25830647526256
7880,57.144198592855034
7881,79.87106447651975
7882,53.64202249571481
7883,54.00218814276741
7884,71.90856131538163
7885,55.42217214344594
7886,50.77501379992641
7887,54.94180757526767
7888,69.73711548908392
7889,66.02505481948202
7890,56.84255890057269
7891,65.25310321344301
7892,55.829689868117406
7893,57.4920872754237
7894,59.919243922786215
7895,58.16195648769081
7896,60.960659969536486
7897,54.995565881869425
7898,55.39514953664788
7899,52.893289081121814
7900,68.01892664202961
7901,68.21245645841849
7902,52.66202183921153
7903,61.226789059863094
7904,51.067294081051934
7905,54.12300054620971
7906,43.96404423824021
7907,43.304498016749044
7908,66.99323119939561
7909,67.11685368667906
7910,64.81309140756683
7911,42.2970087508245
7912,64.0399238136224
7913,52.911275801690984
7914,67.83644942253696
7915,56.8698384665569
7916,58.783193837251865
7917,31.812044757946218
7918,45.86296351902552
7919,60.749401151735626
7920,53.086659712336285
7921,60.52219522041225
7922,61.882208128929015
7923,66.16540655139565
7924,56.32667774507822
7925,37.511350629983355
7926,67.0487965068657
7927,58.58587232032376
7928,70.64814636318513
7929,55.17104298964749
7930,62.78220948507478
7931,75.58312556471684
7932,31.003983871372185
7933,52.550419101809766
7934,61.82979181204311
7935,57.12999688890703
7936,60.04873453535316
7937,48.75932327569081
7938,49.08159761286102
7939,54.54167617524555
7940,56.14146809911577
7941,36.93222972392873
7942,68.64786708842797
7943,62.82217446109338
7944,57.0278649250609
7945,60.93634860652659
7946,58.8965950303265
7947,62.57552531996383
7948,47.799901027379214
7949,56.16195298286368
7950,47.57941343174552
7951,46.72745573170143
7952,64.49194158653302
7953,67.27818576173966
7954,60.87266959452131
7955,51.28984948368095
7956,59.82363030399454
7957,55.935643887937175
7958,47.205815862297754
7959,46.252488207619216
7960,59.84995787756808
7961,50.02488112023441
7962,66.87550339953606
7963,74.11857987344838
7964,66.06709976399243
7965,52.02099325748989
7966,46.419501604164864
7967,57.30917581243511
7968,59.073436215134905
7969,45.40204825361389
7970,49.72254706570564
7971,59.175196086589764
7972,58.4409858051578
7973,71.92668112080707
7974,55.73227308018908
7975,53.67448955999113
7976,67.31926718500343
7977,34.764489969946155
7978,54.45803928792313
7979,43.83835068829225
7980,54.42395309588364
7981,58.55447493476937
7982,64.6668360368584
7983,58.85482705499082
7984,63.57020860029009
7985,59.88732467812395
7986,68.5887984679481
7987,53.94949716376283
7988,48.4506517321873
7989,76.80254133430975
7990,60.88072719968585
7991,49.893419326287834
7992,69.421674693947
7993,58.254397766996895
7994,58.997361102046824
7995,63.205724228706785
7996,43.46035725564861
7997,36.51093114490308
7998,60.87640198985809
7999,75.77814280607829
8000,66.55675487200803
8001,42.83459938207687
8002,54.935029529842275
8003,57.59121858281461
8004,66.93986272717228
8005,60.003569742910635
8006,65.52465854581115
8007,63.79065378728136
8008,57.595142248962375
8009,48.11540589975965
8010,70.42178193479023
8011,63.28421262597256
8012,52.22847170853452
8013,56.35497315885884
8014,76.79472489835881
8015,67.4131361648161
8016,67.46779255665568
8017,50.78067518584905
8018,54.410960736864325
8019,55.90575962675932
8020,81.55864903911004
8021,61.86188169646479
8022,50.884683509716695
8023,80.21515072184525
8024,75.07884934117318
8025,51.79488473551193
8026,66.12748963508022
8027,61.96117407888863
8028,63.02630354707843
8029,58.852730350299396
8030,48.431105090323435
8031,55.575977778550836
8032,53.38487632717389
8033,72.53102112908785
8034,66.57983232591968
8035,66.28691023426119
8036,45.92256815296458
8037,55.4895484701445
8038,53.84921466654481
8039,64.42023153186378
8040,67.83329036567368
8041,55.26327721483086
8042,55.10119818980477
8043,72.06696359068322
8044,46.06418447282009
8045,50.546861631115355
8046,63.68338367960651
8047,57.279263289035576
8048,57.28448498881509
8049,59.845641438105616
8050,56.68344143217278
8051,61.4933743688154
8052,48.76393452396657
8053,61.741437207294446
8054,80.69160778555144
8055,55.49297108119184
8056,50.71672029152192
8057,55.800555224725926
8058,42.78986360140874
8059,65.7629460813921
8060,66.49148883858322
8061,54.02763037300681
8062,45.83653969410033
8063,55.123975163559976
8064,59.29686305781068
8065,69.13305256766442
8066,38.33262833803192
8067,68.15592554222683
8068,62.83793208903238
8069,63.28919688679182
8070,55.542978113335124
8071,46.63089951566926
8072,45.633207179124824
8073,65.35790136245645
8074,44.875101331540655
8075,55.972571747224755
8076,57.27808050390213
8077,61.85116025655805
8078,67.44988488980232
8079,62.93404223674732
8080,49.559497121065775
8081,52.05748980477256
8082,54.433865144561054
8083,47.668118559502545
8084,60.077776931280184
8085,53.684785736491726
8086,53.571897004307885
8087,55.77852629010958
8088,61.84517994187386
8089,65.71570122396888
8090,53.50840358304369
8091,50.9891250918363
8092,53.13578992964039
8093,54.902369727848175
8094,65.10630376573476
8095,49.26975771061003
8096,69.28720561072957
8097,54.3378848271357
8098,45.67766132935046
8099,52.84787855855676
8100,65.1341171451718
8101,44.195682801359595
8102,55.42984747997676
8103,69.72253141925098
8104,54.144198897751245
8105,50.505120004071685
8106,57.52174222947907
8107,57.57217462845041
8108,46.25665289074304
8109,71.82139562174648
8110,61.15368684281607
8111,61.66786467753444
8112,68.08463317181415
8113,71.44918504576601
8114,59.37854202316513
8115,68.42202649382017
8116,51.55095537239341
8117,69.2012795783496
8118,62.4546987925037
8119,68.16143439456454
8120,65.44071980955485
8121,76.82725778690028
8122,57.931584745024516
8123,67.873946186892
8124,45.830819520055364
8125,52.64513521963133
8126,52.20451308634344
8127,57.57018493190163
8128,62.45600876721495
8129,52.091907779535994
8130,68.46572669965532
8131,75.91266845925642
8132,38.73985025826803
8133,54.25080471738898
8134,71.629354752077
8135,63.259844386088545
8136,53.74276007646866
8137,47.01579493985277
8138,54.6216694638872
8139,64.79521263258017
8140,69.47827038691884
8141,62.014684208263375
8142,54.390444727982
8143,49.95038630988039
8144,63.278831391084005
8145,66.62914340732763
8146,51.2139597430461
8147,57.62161362083083
8148,53.97253314107292
8149,65.25294667634371
8150,65.49430140836733
8151,71.31804923791162
8152,58.46392426194734
8153,54.02841920860738
8154,45.899349112234326
8155,53.31422067830492
8156,65.29889938536036
8157,53.33580076189235
8158,70.05029766076869
8159,60.67739407262168
8160,58.1078797464873
8161,67.3743452903481
8162,61.85290093338062
8163,60.829057626123806
8164,48.89835356571701
8165,55.56719060754816
8166,55.80663366032253
8167,50.711802405777775
8168,65.97206982931499
8169,55.93127284914459
8170,68.33118989077654
8171,59.67528137286696
8172,55.7692706971147
8173,55.07238764711787
8174,52.32901615120541
8175,54.79273357060996
8176,53.56651221648682
8177,53.98545022675506
8178,50.545225636142725
8179,53.825786959275014
8180,50.84030280156956
8181,68.73646231378517
8182,70.16420891101029
8183,54.949653092799274
8184,61.21039343490184
8185,73.89217045850961
8186,49.32347744637099
8187,58.82292417810996
8188,63.69433315129703
8189,61.12801383543931
8190,59.3765265760872
8191,61.70877235772624
8192,52.95365349210056
8193,68.97235140917813
8194,59.18371914140839
8195,68.92509146158662
8196,64.77529561582918
8197,65.44638499276664
8198,60.44478486923018
8199,43.26599000160701
8200,45.61193875887276
8201,61.905095013242
8202,48.104106282774076
8203,48.319268005086855
8204,65.95415046555544
8205,60.437692243227474
8206,61.21804671200309
8207,73.03437465288204
8208,57.775817728668656
8209,55.5210896521477
8210,55.97332009414168
8211,64.0202130493578
8212,56.61082228893755
8213,49.783067193873
8214,43.64072104858802
8215,62.66842777611538
8216,50.83458414349166
8217,56.23006703983606
8218,50.88742138453648
8219,71.5681436353996
8220,34.99577909830124
8221,53.87000893444096
8222,57.815795668031534
8223,53.94575723823217
8224,43.43017694509359
8225,43.930083521686925
8226,52.6385676463821
8227,63.579538134754294
8228,60.00469868638787
8229,68.37169078584125
8230,59.15702876767725
8231,58.144826029635304
8232,62.26354871572845
8233,54.36547569565494
8234,69.9592237272066
8235,60.040622409388426
8236,60.81179023417219
8237,58.817554195303806
8238,71.7022155059858
8239,56.26570628952722
8240,52.56441162647158
8241,66.9200092904489
8242,45.70483724559147
8243,49.71781057872925
8244,68.70258773735617
8245,64.24278968678104
8246,57.31992152995288
8247,42.99996175068416
8248,62.4607412436538
8249,62.81465074511498
8250,62.77350125694253
8251,58.159278056765885
8252,63.970241107333834
8253,61.5331502336459
8254,47.41964582689997
8255,63.881146952115394
8256,59.463169355806905
8257,59.7316091710974
8258,61.21844560576607
8259,46.158592054201435
8260,57.716086355027926
8261,61.00694210311247
8262,39.82247508547091
8263,53.71506868654884
8264,66.15438999319475
8265,59.70290523645288
8266,61.797456690660354
8267,64.18556652496581
8268,43.649108075629584
8269,55.53782760764498
8270,41.54108286505336
8271,48.29574709141181
8272,70.82376292691661
8273,64.29214191295328
8274,64.95768125797328
8275,52.65351452171491
8276,50.422682246447465
8277,63.89956383513629
8278,54.84003219540743
8279,59.945100532140856
8280,47.84593922023272
8281,50.641758124730636
8282,56.31875920191927
8283,60.1523808949571
8284,57.39987579938681
8285,65.66523223561657
8286,44.71572129743823
8287,61.30897672230885
8288,50.591457364769695
8289,54.266574314939724
8290,60.96418179064775
8291,44.7514405471527
8292,56.13315829138304
8293,45.25319355829566
8294,64.26807970801015
8295,63.97699835331903
8296,68.4761813374869
8297,60.3916460856558
8298,59.98112967341472
8299,55.97977814978795
8300,67.7011033106457
8301,56.71223507998482
8302,69.29595001962696
8303,46.460553872957405
8304,65.05210648599969
8305,66.6215997569287
8306,51.12945734834094
8307,61.83237853114345
8308,48.75997083893027
8309,59.04995030413843
8310,62.50719177815682
8311,68.82674726699894
8312,61.66598629024054
8313,66.30128894514965
8314,58.86406716705825
8315,55.846866946632524
8316,57.97941972218505
8317,42.335106139297594
8318,44.3967084410964
8319,79.35859241271329
8320,61.63797030134785
8321,55.20833752817595
8322,47.818121709005155
8323,58.97927924413361
8324,47.94385335599078
8325,55.87425521453332
8326,52.133830406117035
8327,57.214362578668755
8328,58.53489665246513
8329,62.1200004835547
8330,53.096154854344185
8331,58.24046334020136
8332,67.33554785305849
8333,63.62595576683471
8334,44.69963541263057
8335,53.76410394312253
8336,72.70530377967582
8337,69.98127335082425
8338,61.67403528907629
8339,50.770520199018705
8340,55.79239642811795
8341,53.80641648656762
8342,59.07938982620959
8343,60.64992182082179
8344,50.16000205149612
8345,59.21186367577124
8346,40.368557605737756
8347,50.24326829144729
8348,52.70757217692461
8349,59.39632793291877
8350,60.31539590050592
8351,51.509790749561645
8352,57.85128872171882
8353,62.30032235485922
8354,67.75778384158733
8355,63.81678649698692
8356,59.203342779500666
8357,59.37241373898784
8358,58.642554968297624
8359,53.35709557426599
8360,54.46476687462323
8361,44.1831209174167
8362,54.30117254901187
8363,70.60604444949693
8364,57.11685750465022
8365,70.19554969356311
8366,47.37544533624308
8367,58.13080656124392
8368,63.36636665115565
8369,58.537559695512236
8370,61.49926355730563
8371,49.46476208212934
8372,56.36516563602264
8373,62.786144976509355
8374,72.7259996231391
8375,52.187662504290394
8376,56.21144206686413
8377,61.56965751248454
8378,61.19295052660573
8379,57.75735269051143
8380,61.19089414470862
8381,45.99989697847784
8382,54.90542158058011
8383,59.62682531951185
8384,53.440287185127644
8385,51.53341477110905
8386,64.47392478403165
8387,45.31517172659781
8388,47.28136961852477
8389,54.61272368565147
8390,69.85620368662167
8391,60.234980182250084
8392,53.82479435759283
8393,58.545666960208585
8394,39.20789709356099
8395,51.71830267393461
8396,57.74512728944851
8397,59.48057281116512
8398,67.58934018149702
8399,68.91582370958871
8400,58.00777970056687
8401,52.28757386386856
8402,59.075776713729915
8403,65.58168191321674
8404,50.928237702554554
8405,47.10084973837073
8406,45.33099509272246
8407,51.76329444171948
8408,65.29305118515242
8409,75.52401302010485
8410,57.57572223539432
8411,60.026855932195765
8412,58.22286771495875
8413,63.3372052650044
8414,53.74877991021724
8415,57.06580425030577
8416,56.949088871279145
8417,51.43773271483522
8418,53.22799031216665
8419,76.94436393189109
8420,56.950473246933306
8421,65.40241888268423
8422,43.07839630576342
8423,49.64687116507351
8424,63.0944120198592
8425,40.90422097505461
8426,65.30446913827915
8427,46.81368362193749
8428,51.38808824936662
8429,62.96346559196036
8430,61.01742950011823
8431,49.509238765038035
8432,44.93608102236173
8433,50.85997569916969
8434,63.232841604138564
8435,47.01910735105881
8436,60.252922624316305
8437,51.4419114928014
8438,61.358930123627445
8439,64.77583238183306
8440,52.079323559272325
8441,61.030361926032796
8442,57.040475388572595
8443,59.582467420901374
8444,52.76861121187062
8445,56.3998060574958
8446,47.38937249950286
8447,52.367481013034435
8448,63.46589679847958
8449,69.1625884251675
8450,57.95205790544585
8451,55.28850821336346
8452,53.81675870039441
8453,56.256517867174026
8454,62.64600340571047
8455,58.79830105858925
8456,62.119291287827224
8457,49.53939756267656
8458,44.31013106772765
8459,67.20542774829005
8460,55.71229260022577
8461,61.98888784120596
8462,57.9815695542011
8463,73.11241810721691
8464,52.1353510539611
8465,60.65311493139009
8466,42.1299212348814
8467,58.34846787851157
8468,62.32939912363564
8469,50.765131098663716
8470,56.72272245368481
8471,73.27855596039598
8472,63.351444224503986
8473,63.193013691550654
8474,74.77536207480243
8475,55.031405189143726
8476,60.573886261236844
8477,47.83296928677301
8478,44.71976291652137
8479,62.30591626647381
8480,56.385138918540775
8481,53.82045355258056
8482,71.06159634510269
8483,63.618932845791235
8484,72.76709619392369
8485,54.06630998353717
8486,53.2175616475309
8487,51.99570225387137
8488,48.26141319858758
8489,47.26377986035493
8490,58.41981336657042
8491,52.46113436228583
8492,63.78859218682548
8493,55.706708625853
8494,65.257052683056
8495,67.2987087486256
8496,59.85956359852696
8497,58.686219759490456
8498,47.986313946814036
8499,57.68170483898948
8500,48.16685143204212
8501,50.98299768578884
8502,53.64469711353669
8503,58.24929906410031
8504,60.29569419676926
8505,48.60298675932202
8506,67.34232134156221
8507,43.90825293555837
8508,46.73037067224629
8509,60.77940287466761
8510,44.2151368996878
8511,55.73166400097364
8512,61.61955434833608
8513,48.77650885468325
8514,69.68967315038836
8515,59.62997314768559
8516,59.15562641980165
8517,46.35293973068205
8518,61.1577071450388
8519,63.52124137309855
8520,55.28515039718099
8521,60.64572607382579
8522,59.78033445257481
8523,53.73117072460954
8524,71.2354579455976
8525,63.12198102647105
8526,49.63901396004859
8527,56.603859273317035
8528,48.946014490288555
8529,54.59457436733298
8530,56.52559382358714
8531,61.27216108156108
8532,59.762122386754754
8533,54.06894200880413
8534,55.8703949576361
8535,67.75789598732251
8536,58.42158163685865
8537,64.5257411202116
8538,53.29485373628435
8539,53.6633224115444
8540,67.85534441039371
8541,56.16018273294187
8542,44.60481341948807
8543,49.559725653714125
8544,66.69762085129965
8545,63.06703514126595
8546,49.1063779321684
8547,43.8097690343952
8548,67.83211930684297
8549,58.57256883369953
8550,61.94367843507435
8551,59.04212756780635
8552,60.31282942022783
8553,55.198967268947214
8554,63.26459590974879
8555,67.25913696040703
8556,58.00757670608218
8557,51.33991624821993
8558,52.14322708295573
8559,49.81267475383749
8560,59.05480462832334
8561,72.0056557926332
8562,68.02780711518513
8563,53.97012762775132
8564,58.25426870945437
8565,73.90142267760248
8566,59.924626202247346
8567,63.46187601287926
8568,49.664578955400366
8569,54.24521286677444
8570,51.863587206540956
8571,54.44209912441556
8572,53.01015261013007
8573,47.76539984284716
8574,61.390276019567544
8575,47.40776067954869
8576,64.46083644376506
8577,54.69534002512477
8578,72.53292385114572
8579,68.42774267770402
8580,56.01072804512127
8581,32.409416043421906
8582,62.627361982939455
8583,63.58179389797055
8584,64.90048266154524
8585,62.636714524243985
8586,58.11787581003304
8587,59.867286125534825
8588,68.58622243064175
8589,54.7420933712704
8590,51.32955772664133
8591,49.068936535865646
8592,58.99649712404122
8593,68.65568428960323
8594,49.82849502037751
8595,64.88640784551212
8596,62.80985587270737
8597,68.89464413172988
8598,65.52352605311955
8599,52.262391373907406
8600,64.49085816058611
8601,67.41098336572016
8602,71.45811984307099
8603,72.34859879397281
8604,49.39203409334006
8605,63.98622407591938
8606,52.962380548465525
8607,78.26484647520833
8608,57.30457385798477
8609,57.35873584921407
8610,51.367974311302476
8611,49.77420296501239
8612,64.70092003489096
8613,62.073990177362596
8614,55.28795917966941
8615,72.3665351112795
8616,51.36833612091025
8617,56.63495410182023
8618,57.9042122667176
8619,60.116594865329134
8620,56.28268780279727
8621,50.58232739447659
8622,59.221410465224764
8623,46.40522838778464
8624,68.96952774134141
8625,77.23365272578212
8626,58.22412196967646
8627,67.27216124797806
8628,71.01205230037556
8629,47.820602444348744
8630,69.70554563255277
8631,50.962968857310095
8632,48.93810032104869
8633,65.83391221427459
8634,58.20665248034146
8635,46.076710703091535
8636,62.02766284249056
8637,53.529914231068425
8638,53.00565147996355
8639,61.919439298950564
8640,71.43070860512813
8641,60.78259966194291
8642,63.942973289358605
8643,59.18031318941079
8644,57.56488805392509
8645,50.67889982411259
8646,40.749823766132025
8647,52.68169532788822
8648,52.176745592603766
8649,52.66479751009282
8650,52.29805116266735
8651,53.54499506992312
8652,47.310149826635374
8653,61.753653018037156
8654,56.371424475637156
8655,55.42336452063151
8656,58.73774535665691
8657,48.02367953361152
8658,63.915837457810994
8659,63.22935913244497
8660,49.279776317598994
8661,58.468404414625724
8662,60.709326674429256
8663,61.19141296270588
8664,70.77365993269518
8665,57.35372062277023
8666,66.07659294811027
8667,68.49325565149775
8668,57.73266100564098
8669,68.25714661042232
8670,69.23944402959444
8671,66.5591616826145
8672,54.63696910057915
8673,60.74902424685176
8674,60.530033288729996
8675,57.01650149132405
8676,66.95528118830045
8677,63.202479825476885
8678,52.66580212052481
8679,53.786214919701344
8680,69.985650652168
8681,53.48733769745844
8682,62.996158360621834
8683,58.576980908707675
8684,57.22329556635519
8685,62.20023440107366
8686,40.59268092121916
8687,53.58662602790263
8688,65.78857525951253
8689,64.42241627701391
8690,65.50656832144536
8691,75.91248397452037
8692,55.59942957263442
8693,57.606505533625075
8694,60.938993051485895
8695,59.0811301303119
8696,58.836748137947694
8697,54.36840197373842
8698,50.957736664165644
8699,63.519079357021766
8700,56.099926660797145
8701,52.124126972303316
8702,52.48901792278106
8703,54.70807875857826
8704,61.483302355606
8705,54.80986077263624
8706,61.72077663801342
8707,46.29260060621349
8708,46.84337834609208
8709,62.83746325020583
8710,49.14597858651183
8711,70.67152449514012
8712,62.5478832593907
8713,52.22146204374882
8714,63.991694224846434
8715,51.18221115481983
8716,53.95267307451608
8717,64.13379249461664
8718,58.27903003610466
8719,55.38845518796449
8720,53.65587899974677
8721,53.08713922559228
8722,50.45755981701409
8723,71.30318848875548
8724,41.97935784401384
8725,60.74366441081843
8726,63.62145012801305
8727,62.04365323943536
8728,68.75476246380214
8729,62.249590042488144
8730,56.006175036192005
8731,53.09459260741869
8732,40.59966902813332
8733,49.30510980552365
8734,64.38991360640306
8735,47.82999098990271
8736,43.31072558905551
8737,71.38533308763988
8738,67.20201665040072
8739,60.68509253290269
8740,64.12215914692243
8741,44.239668873108144
8742,52.44386433512928
8743,65.0850733050475
8744,63.148424651054256
8745,59.90157703087055
8746,53.36125097297452
8747,47.80542064483768
8748,76.01871215648282
8749,57.40886804005362
8750,58.434119173138384
8751,55.71949744896337
8752,70.9146673947569
8753,56.83654086344837
8754,51.53482526252894
8755,66.86500787375638
8756,49.096189673609274
8757,53.19777184345918
8758,56.68794592256928
8759,58.81416043407684
8760,53.3341630568589
8761,51.67350281049169
8762,55.99886980559123
8763,63.44497520150365
8764,69.21938189790362
8765,54.83124140668572
8766,67.35014195395453
8767,50.12104950866541
8768,60.88458384831281
8769,54.738172596494245
8770,60.54825051555866
8771,52.56975410798708
8772,59.665971500150256
8773,70.7829204136618
8774,74.01050115894608
8775,54.69849230165951
8776,54.55909549988382
8777,60.0236680411873
8778,51.96172369225884
8779,55.7257919203333
8780,68.77423358408949
8781,41.0048183062205
8782,57.650428451795975
8783,65.19602150347232
8784,69.7256031088902
8785,54.102396509652635
8786,54.58618542064534
8787,64.84076422862734
8788,74.61499116061135
8789,44.00830351344056
8790,52.23230536239984
8791,60.05268589798333
8792,60.45854016622553
8793,66.61118698107776
8794,58.64579641782769
8795,51.239972474555216
8796,64.1344590407555
8797,65.16871100281475
8798,74.84478288204198
8799,50.275550422637224
8800,53.11939606058141
8801,49.6351190655519
8802,57.85138751257611
8803,65.59760229805413
8804,56.98287647190331
8805,65.29845936355905
8806,57.528405503056646
8807,47.73740347896593
8808,58.35002827780943
8809,67.09788547646306
8810,61.05981847360661
8811,67.0308481468563
8812,62.88178221543182
8813,39.53671469547546
8814,41.80177775319824
8815,68.10524688607444
8816,62.54234072074886
8817,51.68793375984987
8818,59.00837990108057
8819,56.9725641587224
8820,42.39082986604093
8821,68.173665337926
8822,63.90969763181026
8823,65.20269298771304
8824,62.89706980472616
8825,63.28466072112405
8826,67.15210968761512
8827,43.47912496016217
8828,60.57892835469795
8829,55.76829747767324
8830,57.540658809351704
8831,50.24920303070947
8832,49.65754528627199
8833,61.52487059892914
8834,53.55455187319301
8835,56.80449287387008
8836,49.9323655666462
8837,56.463444381487065
8838,58.57974312852198
8839,60.27909864618526
8840,68.2161990210265
8841,59.1868897240027
8842,62.56603542840605
8843,70.36121838300643
8844,47.89520031575438
8845,60.00048996135952
8846,42.65231832916849
8847,63.45498725660258
8848,50.992576736797716
8849,51.66440075004632
8850,55.46138323866025
8851,61.93679521588043
8852,58.552453207859216
8853,59.57443943335284
8854,56.29278493928062
8855,63.408003851108475
8856,46.494745825319946
8857,48.21860037887955
8858,56.37215703962683
8859,55.31893093892349
8860,54.176558425792805
8861,52.31241195629994
8862,55.639206211348466
8863,60.09889297158443
8864,53.73657784521947
8865,46.25478622274973
8866,63.55751512821651
8867,52.852391358471245
8868,55.02162287771953
8869,59.83186867176222
8870,69.27424756897233
8871,48.159584906651574
8872,51.90771600986863
8873,70.72018030706982
8874,56.54611164111639
8875,49.34412668457903
8876,73.3494628154434
8877,66.61662553861677
8878,50.04118463510051
8879,39.34275179566512
8880,52.6936098222573
8881,60.42157465546849
8882,65.74797988962052
8883,59.68889214051579
8884,62.52732870352069
8885,52.59967706158167
8886,48.190182822660795
8887,55.30788119919877
8888,57.96528603067949
8889,52.55163503192684
8890,52.978868022987385
8891,36.334799049067044
8892,71.54617575279215
8893,63.16267994477589
8894,46.8698840611728
8895,71.39053982220523
8896,57.33760252992258
8897,58.75241721228339
8898,54.3477141138164
8899,64.43422796159415
8900,52.69569321125421
8901,54.6172415240582
8902,72.0342577735558
8903,65.61025093485303
8904,59.5152869222033
8905,45.374602774004494
8906,50.31226915785765
8907,60.693723249014326
8908,61.63890540589405
8909,56.92830335066062
8910,45.11676897708429
8911,63.59018706355594
8912,62.9342109751736
8913,71.86298926156444
8914,80.85301211440581
8915,52.051543007652256
8916,59.0853712887486
8917,58.77719704294211
8918,47.159366880104024
8919,48.18138559347834
8920,63.46036000258795
8921,49.199839601419924
8922,60.804134249459544
8923,59.071648905487876
8924,56.97009798548949
8925,48.02074333743026
8926,51.80008553387287
8927,44.709050107504936
8928,63.47325657398714
8929,62.15045157570209
8930,61.55424784974034
8931,53.84148546672456
8932,66.58200087713327
8933,55.78059943102877
8934,41.11062489612178
8935,61.350741832588895
8936,51.666417182148564
8937,37.23498045027964
8938,45.70344693378548
8939,54.401472281033136
8940,41.23185206316708
8941,61.466062694269425
8942,57.748245568906874
8943,60.686662892814994
8944,56.8083787064924
8945,53.152835744853036
8946,66.59799986597626
8947,51.18684225447928
8948,63.34585359078439
8949,54.87613401942988
8950,40.985656059248626
8951,58.033268662040015
8952,56.01101868077369
8953,56.382608725647536
8954,57.53207536650952
8955,52.37766071628093
8956,57.333551026986044
8957,51.18275796565105
8958,46.78342634537789
8959,56.26238661319588
8960,72.88178498647792
8961,77.05379314016444
8962,50.027679767324706
8963,60.81273224210761
8964,58.69683139913164
8965,48.27491062894897
8966,54.85337908591114
8967,53.12140909281901
8968,47.760454355662645
8969,68.47099601966971
8970,50.913630098017336
8971,52.69880044532792
8972,61.6558141694936
8973,60.98877258718645
8974,53.4917856277984
8975,54.55901638832688
8976,65.77125509182669
8977,61.509131429456666
8978,53.73065306091131
8979,58.56878702900336
8980,77.15311698189589
8981,47.60962912272612
8982,62.864244627989606
8983,55.16344883579001
8984,57.9059449669881
8985,46.935177518843176
8986,58.064791540523665
8987,59.225592296456036
8988,63.76028892714822
8989,58.378431109693615
8990,65.06617192139187
8991,68.66898131367367
8992,74.4833255813361
8993,47.811722622902685
8994,65.21906491085267
8995,50.73229191931659
8996,61.710186184680936
8997,60.142502999417445
8998,51.89971654095766
8999,60.049218838528354
9000,58.11299529832852
9001,45.72520938510469
9002,54.98448026929091
9003,61.68605277956163
9004,67.50021217776855
9005,85.62650297245793
9006,51.16029705315529
9007,63.249585006769465
9008,50.60968809833002
9009,50.36260009611031
9010,54.350793224992074
9011,51.50400713257588
9012,48.26269228125433
9013,50.85593415438022
9014,62.038340756993534
9015,53.92184097498649
9016,52.60588431264215
9017,67.19581438056004
9018,69.91398381285327
9019,46.74974194712008
9020,54.917364488105605
9021,57.7052942970095
9022,60.616308731778105
9023,51.16783847987175
9024,62.74037179619725
9025,48.976528501671616
9026,44.85468467699406
9027,68.66847694965446
9028,54.90933017399394
9029,68.48627895065508
9030,52.036788449761225
9031,51.41251669135049
9032,73.54524988606485
9033,61.44081944939348
9034,72.90202443773252
9035,56.73316251086704
9036,57.646035421552156
9037,51.920856910606545
9038,58.15826403683925
9039,66.23798592184271
9040,45.66622217757407
9041,64.11039712735405
9042,52.44864900852041
9043,63.813889189365874
9044,54.30742410205971
9045,66.7141430019083
9046,55.647348825752054
9047,52.80906663061308
9048,48.89298257803244
9049,55.20229129695461
9050,74.08076333454557
9051,52.69943265826886
9052,55.92540887941394
9053,44.90048269298099
9054,67.34471493485458
9055,79.26308222248059
9056,57.568684262200065
9057,63.62958623045762
9058,43.97865514068192
9059,81.25851764835896
9060,41.30442630491921
9061,55.74748398518307
9062,65.04781177989256
9063,58.264272987900846
9064,62.409229863035605
9065,55.29444792557175
9066,52.730086083064435
9067,53.95426966882727
9068,42.830992251855776
9069,44.0145450401454
9070,51.34611833795903
9071,68.85077351538871
9072,52.2582587592811
9073,51.15095006718523
9074,54.20807297002403
9075,50.75620201438516
9076,57.55189524663009
9077,58.659557873219015
9078,47.823876157039635
9079,62.44230007098842
9080,51.9204189035604
9081,52.51496431307885
9082,59.119682082910984
9083,65.84503140686799
9084,65.9828908434528
9085,53.78494982846411
9086,42.82156267704924
9087,62.282568449860456
9088,48.93641542856481
9089,69.29989521682441
9090,50.43111160926187
9091,59.077964178641594
9092,55.847713873844
9093,62.57312660847621
9094,66.28377687518959
9095,41.186110047879694
9096,42.535062310929064
9097,56.71096388099694
9098,58.82207394183163
9099,64.26148150384937
9100,59.34255082033202
9101,69.24836037730802
9102,37.861495008063024
9103,47.716956722582886
9104,73.53203590072938
9105,48.295415451130125
9106,79.91207308878076
9107,46.97205289038768
9108,59.66056378311089
9109,61.97124096203477
9110,61.51179289523795
9111,58.2744073390203
9112,62.59533528330015
9113,53.06748324492676
9114,47.72564870291205
9115,74.39491651665247
9116,60.74212673211061
9117,65.78735661133217
9118,69.06334851238607
9119,61.293189399944836
9120,52.44217900310719
9121,46.95335512614636
9122,46.96661354513546
9123,72.61675369760871
9124,69.18533999619457
9125,62.32575558329985
9126,60.5709214157597
9127,78.0744470325374
9128,59.192266909215626
9129,49.137861092994264
9130,64.39574382631015
9131,70.88016222435348
9132,72.08964066882831
9133,48.620842946758856
9134,71.06271931764246
9135,58.22593513818683
9136,56.41105149049796
9137,55.28343652243615
9138,62.708602258330004
9139,66.3874666959295
9140,55.81896070084542
9141,57.846711289727416
9142,42.109137866689665
9143,74.8542177744063
9144,49.768377687922175
9145,55.36078955378942
9146,63.06540691185374
9147,58.51224239638718
9148,42.61719544802432
9149,57.33663357842512
9150,58.35724916468117
9151,66.76826732330291
9152,61.11707209550276
9153,58.217396630583224
9154,40.18634419112336
9155,73.51693878429509
9156,61.479519168467334
9157,72.67995771473093
9158,49.61053536898609
9159,47.887262235885885
9160,60.67029788396449
9161,54.88167865871648
9162,54.87403351167872
9163,52.64422979098613
9164,56.812993167474644
9165,53.05294676616461
9166,58.4405072098618
9167,56.66125619078389
9168,50.778197393586105
9169,59.38823558407705
9170,58.43178560169938
9171,69.99922830707462
9172,64.2496626858468
9173,61.338557914069284
9174,50.092165680975384
9175,50.7099972779382
9176,57.245070539858006
9177,48.937892504313766
9178,62.30990292111102
9179,62.14833740332274
9180,51.368224398165644
9181,67.42176617293345
9182,59.892479204022635
9183,51.59315867445568
9184,41.28177445122593
9185,62.74352319534455
9186,58.63260577763016
9187,74.82247204024637
9188,52.00998212233985
9189,55.78063549789691
9190,63.99821904357026
9191,57.94613455214101
9192,50.06215364444411
9193,58.976352560981
9194,65.426473589515
9195,56.50101228856643
9196,62.25361056825503
9197,47.12680882463695
9198,49.21773474167809
9199,69.15096094420808
9200,51.9595412339327
9201,52.30221803161902
9202,63.29002351389386
9203,60.56938453480222
9204,52.80545821860871
9205,78.61718355338388
9206,38.9310843384923
9207,48.295417300151925
9208,59.57802819393094
9209,54.11715625176068
9210,60.90334369231795
9211,72.80583716629758
9212,52.73566716897065
9213,34.15922895920114
9214,72.96952747457925
9215,59.15818198360542
9216,57.07701093792113
9217,53.232418936038634
9218,45.75545639133237
9219,50.57883115348774
9220,64.8952329250775
9221,62.46545422618555
9222,63.537042981744136
9223,54.927330128236264
9224,68.81145305466168
9225,69.67082592466336
9226,68.60502128348631
9227,48.036203035172505
9228,67.6459277416553
9229,62.2780111579953
9230,75.31472534088894
9231,60.8870297298479
9232,56.0160200627335
9233,65.92627626383258
9234,61.169049905965856
9235,75.92072413602389
9236,57.56527607840025
9237,46.19428624968275
9238,53.411120238296085
9239,50.879159899996154
9240,68.12409781522962
9241,58.738644753788115
9242,63.03983539946616
9243,59.78594525273877
9244,63.02031822738016
9245,59.58416909240904
9246,45.50631038825314
9247,48.98691007773961
9248,53.24291815544624
9249,74.98138377397694
9250,62.53549263495043
9251,61.64605474915916
9252,54.91494574923937
9253,51.668669079964836
9254,51.190073060728
9255,54.7357765044189
9256,58.00862966010757
9257,57.72440451658771
9258,67.31753434338616
9259,56.77380451295035
9260,66.65379029820146
9261,58.82286475644665
9262,51.75314975002844
9263,65.39847851150357
9264,48.87876547234454
9265,66.8492204428418
9266,51.969800209050945
9267,69.73542606942812
9268,53.48665537952188
9269,48.97187987328616
9270,50.48706955505921
9271,62.363257164067065
9272,62.99736949696399
9273,59.890635000377486
9274,42.103455739780536
9275,73.7190117268066
9276,60.4991244183362
9277,60.442072491819836
9278,63.29271336942615
9279,61.34968058977236
9280,65.25040063194012
9281,48.40933028378065
9282,53.62629374412146
9283,45.60673273036801
9284,55.02916641171822
9285,69.59629700767861
9286,52.11765666937174
9287,67.50059163450948
9288,60.944142869856044
9289,62.1405131319235
9290,52.20686467214583
9291,52.621570067380915
9292,53.0719620034678
9293,64.01089121537845
9294,46.85298659069481
9295,56.06707439482045
9296,53.795838579278886
9297,59.851922700826115
9298,60.857890373787164
9299,67.93189904475764
9300,53.917394244807596
9301,44.2264538483367
9302,55.633650047928974
9303,41.16542915927309
9304,46.937735386508585
9305,63.62401368756042
9306,60.7129423835419
9307,56.572962695126435
9308,56.27621892916365
9309,60.4254312300602
9310,44.09234362444694
9311,57.484544749691615
9312,57.11205399113769
9313,55.845647980026015
9314,52.67373711333258
9315,58.87983975282549
9316,37.720138227863984
9317,62.70067330100537
9318,55.71283284374579
9319,58.343569502274626
9320,58.588617727763605
9321,56.867052838206426
9322,64.20577188120097
9323,63.41322185179737
9324,50.21315857800923
9325,63.37951674090628
9326,62.39413861237526
9327,43.51224677911541
9328,57.71598216952685
9329,51.707164369607405
9330,63.6008034015713
9331,49.75890525923091
9332,68.61840921349524
9333,56.050054272866
9334,54.33277460279411
9335,66.52842835139143
9336,62.044926552571766
9337,54.07439445010814
9338,62.08520484167873
9339,50.635324245830795
9340,63.42206100782691
9341,71.0693476422308
9342,63.60821093264011
9343,61.33839902456499
9344,70.54651387478735
9345,53.92007701137649
9346,52.79820847606166
9347,59.333771973128876
9348,63.06927449397202
9349,55.429433914049795
9350,53.77685733881857
9351,53.54749852284416
9352,68.4654314996943
9353,72.41493430592217
9354,63.19183016882572
9355,57.107701682423546
9356,54.803090216131395
9357,63.5755336416527
9358,60.1231831238802
9359,57.27843587313841
9360,59.72035309551232
9361,60.60643424340478
9362,62.66217077137504
9363,62.75857175852545
9364,60.328305917271045
9365,59.74489477452633
9366,49.235646458308196
9367,66.74519545690528
9368,63.65365894266
9369,61.30960481504576
9370,55.192907200686825
9371,71.67174142471784
9372,68.19254115060781
9373,51.03068132219279
9374,53.93209893167577
9375,59.2914218141452
9376,59.62995228149194
9377,40.721520928390454
9378,63.8785267104505
9379,53.68668394424901
9380,67.52282697875671
9381,68.70261595679543
9382,54.52417046815549
9383,67.7646884927743
9384,56.91308959468026
9385,65.83740632087463
9386,60.02066996617301
9387,49.92915450901793
9388,65.6574823976452
9389,55.20409818652942
9390,60.08837952084769
9391,54.42162103823874
9392,45.30899511110732
9393,65.03075355355838
9394,53.39224127454273
9395,55.13982681265429
9396,66.68240587885126
9397,62.51567577275762
9398,64.23889288824374
9399,53.62152136509978
9400,50.79893311886587
9401,49.357066237059314
9402,54.159886995622486
9403,64.26354601059128
9404,57.314750883904416
9405,51.11139453815205
9406,52.299958752276844
9407,60.64370665501322
9408,62.20225956708559
9409,53.66946348819594
9410,65.13133810759166
9411,70.57932953054203
9412,53.454135120466745
9413,61.56434311200383
9414,63.50445979084787
9415,62.56188953410263
9416,43.571762755069074
9417,68.53021068387054
9418,44.66521278719636
9419,62.27769635710897
9420,70.82324060618447
9421,42.67248887384432
9422,65.65897435200407
9423,71.78082870265305
9424,64.66608034278676
9425,53.196141274591476
9426,54.003449922787254
9427,49.239551820577454
9428,67.476408096182
9429,58.00062561726729
9430,65.10089172507875
9431,45.33379548429022
9432,80.62792531542402
9433,53.85597962268477
9434,47.360288705253325
9435,49.291716651335165
9436,60.24368101930111
9437,65.53376698466379
9438,56.962582943958594
9439,50.45498964133939
9440,67.72014514340071
9441,62.258967999753324
9442,59.945790152856546
9443,68.47523709423868
9444,64.66364912466298
9445,60.476173650498566
9446,55.39670198383223
9447,57.43946956801402
9448,53.21676543518961
9449,56.088421775549435
9450,72.18307406953201
9451,55.69695057119122
9452,63.357022026923474
9453,73.93263316615838
9454,49.71597514619352
9455,43.73679207113722
9456,39.17238398816451
9457,60.59288950015128
9458,58.11995386054791
9459,57.132904430875556
9460,52.372191196762984
9461,56.80399042065187
9462,41.40713484833825
9463,65.57218354793707
9464,65.08451583116324
9465,52.77948124279917
9466,64.96172117678566
9467,56.41824999614379
9468,46.92527372771432
9469,78.38298947651693
9470,58.97457326555846
9471,55.52355855591374
9472,52.94190802706004
9473,65.25378661007267
9474,40.94298805033313
9475,69.99121396825458
9476,58.01414558630858
9477,63.84308234607992
9478,57.11545759647733
9479,56.583089862999564
9480,61.19280360573566
9481,67.94060110966777
9482,52.532431496557756
9483,66.15731965004323
9484,49.62588012177359
9485,54.36409207482512
9486,60.74363288862677
9487,80.345749793089
9488,59.387138676140005
9489,54.51046072431271
9490,54.61762033773337
9491,50.250097404905276
9492,55.4108784307178
9493,65.24499910279884
9494,52.925750356679046
9495,50.08760710090425
9496,62.57641440497788
9497,58.156472800235875
9498,52.01783790640426
9499,54.91188891784802
9500,54.378451548772695
9501,53.91379284917685
9502,52.30789129959751
9503,57.320020795532656
9504,50.343202374556355
9505,50.46540399598726
9506,48.434615739410674
9507,61.41872925441435
9508,53.6593776632012
9509,64.69304266211086
9510,60.77086034034262
9511,38.425169216410914
9512,58.48345102634072
9513,57.11984657484368
9514,60.47475798023237
9515,76.22410259619866
9516,57.96737247765312
9517,68.79405774669387
9518,73.79211492114146
9519,60.851161065618086
9520,62.31173699219319
9521,48.646108648994584
9522,60.16068176564204
9523,45.952385935630964
9524,55.73185046961123
9525,50.191546121819584
9526,73.73140203862492
9527,46.64782818153287
9528,74.49697840209471
9529,60.70279651522701
9530,46.890417357708316
9531,58.34645452658725
9532,51.38114992203276
9533,52.608076401059634
9534,47.86639157196784
9535,57.928197541576644
9536,62.83179657459682
9537,56.55988187955332
9538,60.42331274802424
9539,54.64850117527812
9540,58.661358797236865
9541,69.865192016456
9542,55.53276443390325
9543,57.02333978122817
9544,60.05144035826144
9545,42.78382755440255
9546,65.94704311170935
9547,68.3770862649538
9548,64.31901736773196
9549,76.34647429395913
9550,69.97222075325683
9551,58.11651390580248
9552,65.27389875932249
9553,49.39617182877752
9554,62.44793787555227
9555,65.99375117481301
9556,40.71465233834741
9557,55.94410836083561
9558,64.9787062568746
9559,55.920491369499516
9560,68.4424245270182
9561,55.961438579231384
9562,66.15981784536598
9563,49.31838014763418
9564,46.775855042268745
9565,52.75106490476941
9566,59.80221020952322
9567,70.58440523848441
9568,79.73395092490752
9569,72.6003324928472
9570,59.25695022032236
9571,54.2513047929995
9572,58.42824201254368
9573,46.86356220888598
9574,41.77350546286125
9575,53.65541795059899
9576,67.86834907352194
9577,48.678778402946165
9578,52.852043292266394
9579,60.49297348551666
9580,67.97467302226056
9581,60.31136841910481
9582,63.08248590556591
9583,64.94260618885332
9584,47.675583749002854
9585,53.88520896296547
9586,41.28978704817207
9587,72.40316322285518
9588,67.30843247340194
9589,38.42693445159186
9590,67.89336359390587
9591,55.631310795930546
9592,52.88461572768119
9593,61.39572588901406
9594,56.71500228925196
9595,70.31997976978738
9596,64.17489350267257
9597,56.28408432350557
9598,53.059689726240805
9599,63.44471129308872
9600,54.73852452391104
9601,49.54674394086412
9602,59.15216226962474
9603,60.82556545932413
9604,49.614355779368736
9605,59.822545142296455
9606,66.02841339011025
9607,60.2319755180855
9608,66.02473562017926
9609,69.2614119626432
9610,54.832178707903545
9611,55.280503671100014
9612,41.771992901430565
9613,59.55331530459956
9614,58.36671080578297
9615,63.710410089072234
9616,54.1653176027227
9617,42.97878103202837
9618,45.942474210822034
9619,54.097466388427485
9620,66.66366879957745
9621,66.0288572101811
9622,63.319904231138466
9623,67.70911393357058
9624,51.69021456235975
9625,50.52056498448857
9626,61.32573281681112
9627,51.08538952220269
9628,64.04894271550187
9629,53.86896914052909
9630,60.540964610861124
9631,68.16704887960432
9632,64.81986103394566
9633,48.424654274547024
9634,50.05405933379051
9635,55.720512187702184
9636,76.24697372907613
9637,60.21670928216424
9638,42.44212637473965
9639,66.26123243056007
9640,58.733671046594964
9641,65.08957361111588
9642,44.92375502428473
9643,65.66315610454755
9644,60.39941367333391
9645,52.545818784384814
9646,58.187347995651415
9647,69.51092502691952
9648,81.31284700176266
9649,53.85432792209391
9650,47.39569474225626
9651,48.08658649143267
9652,62.3461829208718
9653,61.01650439757727
9654,59.195145843343965
9655,61.34554433484418
9656,58.99410485460958
9657,32.37250124090191
9658,55.11893446457255
9659,52.24233545475556
9660,50.0008918841915
9661,70.55904824711102
9662,64.86788274437274
9663,46.2517891676584
9664,68.46299707353205
9665,73.83964220676094
9666,51.14716230810491
9667,53.28050921758538
9668,60.45195033611957
9669,70.99941855201897
9670,43.446577201784415
9671,58.003491827967856
9672,54.90303710128159
9673,51.37052392855966
9674,59.676307865002194
9675,54.732358482378864
9676,58.7653194967085
9677,62.62918506054524
9678,58.58662223161772
9679,59.87491793497369
9680,62.69979226914022
9681,73.05058755563124
9682,64.13351629026718
9683,75.8362902877534
9684,53.26632788132796
9685,53.937549994333345
9686,59.10466687979661
9687,60.23867906180085
9688,57.02453810904356
9689,52.43812162956242
9690,50.17832326354354
9691,53.85540941378916
9692,53.819448711732186
9693,45.654903423722516
9694,75.18532541109163
9695,68.03251778988229
9696,63.0040004950733
9697,58.03958339042269
9698,58.20525698453788
9699,63.71934494375044
9700,33.96355997797074
9701,60.29677643801418
9702,58.78941254841906
9703,58.408742963952974
9704,45.581356550256345
9705,60.391750964092104
9706,74.53219238236873
9707,57.282962881313935
9708,56.40696639278427
9709,54.14156557221818
9710,52.1094278915055
9711,47.360359939090245
9712,69.94102252664047
9713,63.49796795796213
9714,58.8215846574508
9715,64.8950187445482
9716,47.88849665104552
9717,63.933331403028205
9718,52.26934954012897
9719,59.08674660539008
9720,66.01442938242242
9721,54.265408151831345
9722,66.45421071770645
9723,54.04557906944648
9724,54.113927248265256
9725,55.45788752902561
9726,42.83927073663176
9727,64.48682913419393
9728,59.99759220035063
9729,59.65226548034927
9730,63.64018137093934
9731,78.75810426784045
9732,48.27857241147645
9733,63.835750609530656
9734,61.43751987143014
9735,64.90580913806063
9736,54.73850354357227
9737,51.69593738891322
9738,66.81449404357757
9739,67.04425812878279
9740,57.56180829497809
9741,41.034648191678805
9742,67.74910973039302
9743,56.86264908241698
9744,54.54828212559322
9745,63.279714108537334
9746,54.39939301746214
9747,62.29915352413867
9748,51.68379162383441
9749,56.453283752105825
9750,54.68823262377225
9751,47.777608033465235
9752,50.603213370505955
9753,53.37068671713838
9754,59.59121454242215
9755,48.70809515446963
9756,69.33760721449119
9757,62.2410293554961
9758,79.95397924967162
9759,56.50988942158355
9760,42.09805002526622
9761,37.94341437565493
9762,46.22563270658583
9763,51.9334798697518
9764,46.152808771339366
9765,53.693307820296575
9766,73.72766695243484
9767,59.71860822078505
9768,56.34881148614766
9769,64.41065010409199
9770,51.800185222337674
9771,61.00913413781038
9772,66.1348650417356
9773,69.28566791411377
9774,55.50019637282262
9775,52.6095558836219
9776,61.87619652855431
9777,45.745312562663386
9778,55.768427203472235
9779,55.470788674364755
9780,46.04703151135225
9781,62.589835777285735
9782,61.28743213683512
9783,34.59037666222933
9784,67.92878270174948
9785,65.62419705399532
9786,63.36992242950483
9787,66.27657323058968
9788,54.500302392068235
9789,71.69395976547008
9790,68.6489855424754
9791,68.57494557520882
9792,56.87906271207425
9793,61.39836212000793
9794,61.40555389706743
9795,63.069678073194055
9796,61.878403533812985
9797,62.618252476510065
9798,51.98940546356221
9799,55.661254584029
9800,50.679458805841186
9801,64.08959547756734
9802,57.75512999453278
9803,65.96240389406765
9804,57.038386083581244
9805,52.05887529632249
9806,53.729185819781776
9807,62.34402792141045
9808,68.11355710068429
9809,52.99603991883409
9810,60.52697847666843
9811,61.70957071688895
9812,71.84702103884094
9813,58.00499785374904
9814,43.8388005375776
9815,47.611040983855574
9816,60.58867969776462
9817,60.04324876608044
9818,76.32618906470111
9819,54.22131365944454
9820,73.68838945217352
9821,65.9102101471503
9822,38.48516626715707
9823,49.78068624522478
9824,57.964049098782155
9825,58.39903524921978
9826,53.41487114561788
9827,58.97239665927942
9828,45.11078408220888
9829,77.41665271520391
9830,43.35950752783911
9831,56.67969509393931
9832,55.429578160591106
9833,59.71493037355149
9834,54.69828056348983
9835,54.09842829507239
9836,54.68036729462603
9837,63.60346282356528
9838,59.338708513400974
9839,54.83318671622925
9840,66.63815341818749
9841,52.29991610376417
9842,61.6465494727988
9843,45.33834554271883
9844,58.63046462591005
9845,51.76738808213358
9846,67.59764013536444
9847,76.51577913938992
9848,52.828916861654584
9849,50.689238109885245
9850,54.38094005129966
9851,73.28666902408821
9852,73.1116693054839
9853,60.84122093538571
9854,56.78849181609018
9855,61.51531153722153
9856,67.34681172298762
9857,60.18104413084751
9858,58.3464130770395
9859,65.71615464902749
9860,62.95570399038844
9861,58.384928508827954
9862,63.39181185940696
9863,60.69212817769567
9864,72.68410989602958
9865,59.270260043408335
9866,61.6151757207724
9867,59.67183427859901
9868,58.6545727833511
9869,60.161958706468724
9870,63.34074412980254
9871,67.47929777827282
9872,47.35685384928976
9873,60.57259994414332
9874,64.8850309849003
9875,67.78275708214962
9876,40.98127205662933
9877,64.94264937039904
9878,51.4397711225197
9879,57.35579938787826
9880,65.67492261288021
9881,71.04401111907941
9882,54.05894364733132
9883,69.00308490062645
9884,46.075604179115835
9885,44.74342134001485
9886,51.33070849555193
9887,50.06499085603376
9888,49.874048514163064
9889,58.1483663308101
9890,51.79473731746712
9891,69.28015690510999
9892,66.62292610437146
9893,68.23431584277267
9894,60.48338425485974
9895,58.27801066072417
9896,56.626179319554424
9897,69.11609814275447
9898,73.01714389850969
9899,57.83007678103044
9900,48.552754219889174
9901,44.421345768336295
9902,62.405782177968966
9903,69.92066121046236
9904,52.35929832819705
9905,57.22007631646048
9906,60.84476837821124
9907,54.58855314162339
9908,44.1032968450376
9909,57.60282993937596
9910,49.280993372232345
9911,50.816440754832605
9912,43.12582021408558
9913,63.070800424572006
9914,45.08342119177372
9915,56.944805671111126
9916,59.50320694714665
9917,64.62589132395257
9918,54.22708260605784
9919,56.04178078903324
9920,56.8105259520171
9921,51.696203623902136
9922,49.66319762308367
9923,66.17804326143148
9924,66.2735558075981
9925,56.41991545474207
9926,61.616712710170574
9927,62.40023578537141
9928,60.429215315759926
9929,57.86956359526493
9930,59.03059448385265
9931,63.70840270044
9932,59.69735800940142
9933,55.525244487330546
9934,56.40464394534443
9935,59.234297311563616
9936,53.80906860362998
9937,71.43125206615383
9938,64.5366129134475
9939,56.243812563627834
9940,53.18017195501826
9941,50.56404360267627
9942,54.28190147423322
9943,49.08166982610418
9944,61.568609493434806
9945,51.22049079251085
9946,66.5450279736101
9947,41.969036835425726
9948,51.772763598393304
9949,51.67521974574574
9950,55.76108643859026
9951,41.176787221249946
9952,48.916769042490074
9953,52.40445829234549
9954,58.889263857256495
9955,39.41440010503259
9956,51.89285616343142
9957,54.864617501726215
9958,58.363124613114024
9959,51.707966397574275
9960,55.52999461924695
9961,57.15219663446078
9962,73.10340770242196
9963,73.46618633567017
9964,68.98125092350992
9965,54.7328012983336
9966,48.025422362901104
9967,66.26270036372449
9968,46.63013303647232
9969,59.8138683885401
9970,42.471301609874445
9971,56.43695213753737
9972,44.719011461910306
9973,66.81990978346248
9974,55.996198712129285
9975,69.50936817712416
9976,54.307668771633445
9977,66.18489170437638
9978,66.26202726276904
9979,64.67791877093192
9980,62.658943003394256
9981,62.55889324939367
9982,56.89700373968913
9983,54.32442773793466
9984,57.3016168564373
9985,54.027443422098415
9986,71.23182284867956
9987,55.558494862079634
9988,47.75228380864547
9989,51.31204186733925
9990,52.686063319892085
9991,74.40601232967352
9992,53.78370084697857
9993,55.79037668495877
9994,70.24039384325768
9995,53.99753519129018
9996,51.88554804375771
9997,73.44161159089555
9998,53.71074802113895
9999,55.24884506085919
